307 Jb Hd.mp4	1365990
312 Jb Hd.mp4	9966388
403 Jb Hd.mp4	2922591
404 Jb Hd.mp4	27405877
407 Jb Hd.mp4	1607521
415 Jb Hd.mp4	9315076
487 Jb Hd.mp4	14457818
488 Jb Hd.mp4	7561802
490 Jb Hd.mp4	5429334
494 Jb Hd.mp4	7693134
497 Jb Hd.mp4	24666418
499 Jb Hd.mp4	8167991
541 Jb Hd.mp4	8098879
542 Jb Hd.mp4	5169573
543 Jb Hd.mp4	831274
544 Jb Hd.mp4	3346386
545 Jb Hd.mp4	5984321
546 Jb Hd.mp4	5381964
547 Jb Hd.mp4	3238974
548 Jb Hd.mp4	5087229
549 Jb Hd.mp4	5797153
550 Jb Hd.mp4	5513161
551 Jb Hd.mp4	15976035
552 Jb Hd.mp4	20690250
553 Jb Hd.mp4	30991624
554 Jb Hd.mp4	14279231
555 Jb Hd.mp4	16079120
556 Jb Hd.mp4	7867842
557 Jb Hd.mp4	16554588
558 Jb Hd.mp4	12665239
559 Jb Hd.mp4	19702567
560 Jb Hd.mp4	17357154
682 Jb Hd.mp4	10116269
683 Jb Hd.mp4	35124908
684 Jb Hd.mp4	5528467
687 Jb Hd.mp4	4900133
688 Jb Hd.mp4	53121358
689 Jb Hd.mp4	25072249
694 Jb Hd.mp4	28466937
Batattack.mp4	1484785
BearHead 1.0.gcode	44997218
Bear Head Bits 2nd.gcode	8974846
Bigskull.mp4	3097874
Firepumpkin.mp4	3948041
Floatinglady.mp4	1650170
Greenskull.mp4	5182179
Hugeskelly.mp4	712908
Left Forearm.gcode	64831824
Monstergoop.mp4	2861885
Moon.mp4	3401279
Pha Buffer Black H.mp4	41111
Pha Poltergeist Ampedup Win H.mp4	8414775
Pha Poltergeist Discharged Win H.mp4	4924199
Pha Poltergeist Elecrticslide Win H.mp4	4935100
Pha Poltergeist Startlescare Win H.mp4	1237305
Pha Siren Fearsafloat Win H.mp4	5579354
Pha Siren Seaofsirens Win H.mp4	9129300
Pha Siren Sirenssway Win H.mp4	5480391
Pha Siren Startlescare Win H.mp4	1790625
Pha Spinster Behaveorbedead Win H.mp4	3202222
Pha Spinster Mixtureofmadness Win H.mp4	4447406
Pha Spinster Startlescare Win H.mp4	1421962
Pha Spinster Teafortwo Win H.mp4	3861298
Pha Wraith Faceofdeath Win H.mp4	3136866
Pha Wraith Riseofthewraiths Win H.mp4	9079698
Pha Wraith Soulseeker Win H.mp4	8314346
Pha Wraith Startlescare Win H.mp4	1220547
Pha Wraith Unholyhovering Win H.mp4	3199395
Sauron.mp4	4871141
Scary Face.mp4	3512877
Skellycrawler.mp4	2301875
Skellyskrape.mp4	1923345
Skullfire.mp4	369692
Skullfloor.mp4	1712061
Stumblingelectricsman.mp4	2231147
