filename	bytes	sha256	probe
307 Jb Hd.mp4	1365990	4434a50205231e23d6fb5b2f05a0b404c1f4f0a459a9772ecdfc9e338fa06484	codec_name=h264 width=1280 height=720 r_frame_rate=30/1 duration=11.667000 
312 Jb Hd.mp4	9966388	03e2683c1b91f04f51129797a4c79a1fc3bec5a6b91a5981426825cd5e1aeb7d	codec_name=h264 width=1280 height=720 r_frame_rate=30/1 duration=20.000000 
403 Jb Hd.mp4	2922591	5b1b3e3303efd8f77ed84cf87595a51acefd00def4af549fe7c616652951f9e9	codec_name=h264 width=1280 height=720 r_frame_rate=30/1 duration=30.000000 
404 Jb Hd.mp4	27405877	936f1669bb8dfa231bf1882851c424339ff626469f5d92484ad6b488179ca427	codec_name=h264 width=1280 height=720 r_frame_rate=30/1 duration=30.000000 
407 Jb Hd.mp4	1607521	bff9264a2dbdbaf41cf557c5e66b07eca1710c521d06efabf3b43f0f90b84a91	codec_name=h264 width=1280 height=720 r_frame_rate=30/1 duration=15.000000 
415 Jb Hd.mp4	9315076	e20f3d7d655ff6fdcce9c8de0f5dbd3a7a7e23966df08c31d4320c10f0576f2e	codec_name=h264 width=1280 height=720 r_frame_rate=30/1 duration=30.000000 
487 Jb Hd.mp4	14457818	1ed118bc6f07438011bb1843636f2b80052c26c451b93f9c9e927ab26c3dbbd8	codec_name=h264 width=1280 height=720 r_frame_rate=30/1 duration=30.000000 
488 Jb Hd.mp4	7561802	6e57923f00e2a475a382ddabb1d9aeea4e7f869ec9a373cc8aa07755a59ff0db	codec_name=h264 width=1280 height=720 r_frame_rate=30/1 duration=30.000000 
490 Jb Hd.mp4	5429334	4010de21dbbe3a715b3a8a4f4c30543b902ecea42112d4637cf9d1b9e07427b3	codec_name=h264 width=1280 height=720 r_frame_rate=30/1 duration=30.000000 
494 Jb Hd.mp4	7693134	2873b63fefd044d3b81e15c71cc465397eae2b06e47a00b140171c2fe08e922b	codec_name=h264 width=1280 height=720 r_frame_rate=30/1 duration=30.000000 
497 Jb Hd.mp4	24666418	aebb967e62a8bb970d8a7929c9cf58f88119f5d1c9f191a1aeeb9b89899c2646	codec_name=h264 width=1280 height=720 r_frame_rate=30/1 duration=30.000000 
499 Jb Hd.mp4	8167991	ae168cac0924383b3a631dd24b96ceb1a223686df29e975504eee47bc4af6b90	codec_name=h264 width=1280 height=720 r_frame_rate=30/1 duration=30.000000 
541 Jb Hd.mp4	8098879	46c410d093e181f702bfb00def35a6828ac586372313107065b71d329a224edc	codec_name=h264 width=1280 height=720 r_frame_rate=30/1 duration=15.000000 
542 Jb Hd.mp4	5169573	2211eb2e96470cf7aa457a37150de18c563efac8754ff625fde697f706edc9fc	codec_name=h264 width=1280 height=720 r_frame_rate=30/1 duration=8.334000 
543 Jb Hd.mp4	831274	abc8d156931bf84c53728d9e7a9ce04ef3a7e00be592f509c5ee6484c673855e	codec_name=h264 width=1280 height=720 r_frame_rate=30/1 duration=6.700000 
544 Jb Hd.mp4	3346386	17a6f00e96194630104ca120462e878d5d959217f289f548e78e982d6fbb9ff7	codec_name=h264 width=1280 height=720 r_frame_rate=30/1 duration=11.700000 
545 Jb Hd.mp4	5984321	4b656371fdc69aa4ff1f8dcfce1b2707d5f7a86552d64ab52d502000cf1f2e41	codec_name=h264 width=1280 height=720 r_frame_rate=30/1 duration=10.034000 
546 Jb Hd.mp4	5381964	85f2348af22efd0beb2ef30ba54f41d6c508a7fe7da49db3e48dc060d607933c	codec_name=h264 width=1280 height=720 r_frame_rate=30/1 duration=7.267000 
547 Jb Hd.mp4	3238974	70db2b2edd29ab080f1793fe6025374aef8f6570f4048de6e38f36403766554f	codec_name=h264 width=1280 height=720 r_frame_rate=30/1 duration=6.367000 
548 Jb Hd.mp4	5087229	22a9cadfc96b0d8d81cbab9cc9211fcc7dd6fa7b981164a69a64996934263bac	codec_name=h264 width=1280 height=720 r_frame_rate=30/1 duration=8.000000 
549 Jb Hd.mp4	5797153	8479a5ade9c36e92482905e2219df6752f8f59fc1eedcb35f2e986c06479c95b	codec_name=h264 width=1280 height=720 r_frame_rate=30/1 duration=11.667000 
550 Jb Hd.mp4	5513161	9aa98c32d087bf43d7276bd995024b24c562bb2df822b7eb8a4e283da1369380	codec_name=h264 width=1280 height=720 r_frame_rate=30/1 duration=11.667000 
551 Jb Hd.mp4	15976035	d23b08cbae97372e7bd78cccffd2e86066d4370f81229fbc0c3b8cf2d941c2e5	codec_name=h264 width=1280 height=720 r_frame_rate=30/1 duration=30.034000 
552 Jb Hd.mp4	20690250	263ac5af5e185198b6b8457b22ecf674aeda79fc32709a62923141afc89eb196	codec_name=h264 width=1280 height=720 r_frame_rate=30/1 duration=30.034000 
553 Jb Hd.mp4	30991624	47539a0700af4380717c692d390066b458c85d26927305d2067f951769531095	codec_name=h264 width=1280 height=720 r_frame_rate=30/1 duration=30.000000 
554 Jb Hd.mp4	14279231	1083d9106ee40b9c4fcb572088d00b8d594b2dce75ae0493f09261cee936b7d5	codec_name=h264 width=1280 height=720 r_frame_rate=30/1 duration=30.034000 
555 Jb Hd.mp4	16079120	d63d83ac178be1c6754abf91d3784e275e2ef685acaca48162abdd76e291c463	codec_name=h264 width=1280 height=720 r_frame_rate=30/1 duration=30.034000 
556 Jb Hd.mp4	7867842	88b4ac96a3e50f6745e821d22353006c8724c149672b1b17af120931c345b6c1	codec_name=h264 width=1280 height=720 r_frame_rate=30/1 duration=30.034000 
557 Jb Hd.mp4	16554588	7379146d5e7f023aa987372e9700c338bf99ef592fa791607e6056ff1dd8103c	codec_name=h264 width=1280 height=720 r_frame_rate=30/1 duration=30.034000 
558 Jb Hd.mp4	12665239	dec12e8f0bf08162952058ed35b7e1bfed986561b833afa3f69d149f445aedec	codec_name=h264 width=1280 height=720 r_frame_rate=30/1 duration=30.034000 
559 Jb Hd.mp4	19702567	3faa90fc92645ff8e6a65fcd8fb13e2c4b5206edbf56b54d759b8e5a3addca00	codec_name=h264 width=1280 height=720 r_frame_rate=30/1 duration=30.034000 
560 Jb Hd.mp4	17357154	a9b85fabf1c9d59b3559e17961aa347cd40e1e1e6c0e4fefff45e8a6a068e818	codec_name=h264 width=1280 height=720 r_frame_rate=30/1 duration=30.034000 
682 Jb Hd.mp4	10116269	ac694b88109ac2f4b375a183b4dd09ffc2d99e6169383ab99dfebe9c68485baa	codec_name=h264 width=1280 height=720 r_frame_rate=30/1 duration=30.000000 
683 Jb Hd.mp4	35124908	d670d6304d8fc13c9dd2fd58cce7948babffa1f8c665dc1a257c3cc57ef5b7d8	codec_name=h264 width=1280 height=720 r_frame_rate=30/1 duration=30.000000 
684 Jb Hd.mp4	5528467	3066499a832877b01354bd87f1668c731d13ce9090d04e0bb425359aaa0ac570	codec_name=h264 width=1280 height=720 r_frame_rate=30/1 duration=30.000000 
687 Jb Hd.mp4	4900133	c7e6cc19b681a0d395a9312ebb40951cf3f688881128c6c81715b17aa11541c8	codec_name=h264 width=1280 height=720 r_frame_rate=30/1 duration=30.034000 
688 Jb Hd.mp4	53121358	bbace36234cfd92c71b6a3f85d937486515335ed15bdce85ac010efbf19c1ccc	codec_name=h264 width=1280 height=720 r_frame_rate=30/1 duration=30.000000 
689 Jb Hd.mp4	25072249	6e2b71778c22ad3fe5cd20aaea5649162c322170fb10570001de8e575a369c47	codec_name=h264 width=1280 height=720 r_frame_rate=30/1 duration=30.000000 
694 Jb Hd.mp4	28466937	f44ca615ada16fdf143f192d9591f4b53dd991f627393a1a6c3e22e50bc781a8	codec_name=h264 width=1280 height=720 r_frame_rate=30/1 duration=30.000000 
Batattack.mp4	1484785	3831b9c3dbf3c551b19d030d3ac7d189866114d94e4b8198ad48a8728bb1d6cf	codec_name=h264 width=960 height=540 r_frame_rate=24000/1001 duration=10.010000 
BearHead 1.0.gcode	44997218	136cd3241a45e44dd867ca87db53cf3c9dd88863b349017249cabf2452315759	
Bear Head Bits 2nd.gcode	8974846	e3da232cb9be6355c49ade8cca0ef7c363b9436ebaea7cd24b2f792323b473a4	
Bigskull.mp4	3097874	ec62352d820d38b708137ac9815735cadb1c9e02d4bf5a3dce903fdbb9e0ca37	codec_name=h264 width=1280 height=720 r_frame_rate=30000/1001 duration=30.431000 
Firepumpkin.mp4	3948041	0cc07f378d62a447b3452918e5bf8faa26f5b69cf66e34128d757373bd895292	codec_name=h264 width=960 height=540 r_frame_rate=25/1 duration=30.040000 
Floatinglady.mp4	1650170	f6b385da4a775aa6a256b57832554197b14516193ef428f21e652a5d61d36daa	codec_name=h264 width=1280 height=720 r_frame_rate=30/1 duration=12.054000 
Greenskull.mp4	5182179	67c24a6ebf25b473917ddcd7b6ee718f76a1c899409c6dc362c92d7eb35634d4	codec_name=h264 width=1280 height=720 r_frame_rate=30000/1001 duration=30.965000 
Hugeskelly.mp4	712908	29b65ee670ad18c00e1f289f069aa9d47c6fb7a5ec833819b646174639a9176b	codec_name=h264 width=1280 height=720 r_frame_rate=30/1 duration=6.034000 
Left Forearm.gcode	64831824	41039adfc5d264a9bc3c7f6760d3f76bd8686790aac8c08e56c82f4e2185d9d4	
Monstergoop.mp4	2861885	ab69e312ef13693ba989e6f2b397a1f236a387fbe394c4f46abc5766208ea8ff	codec_name=h264 width=1002 height=720 r_frame_rate=24/1 duration=10.709000 
Moon.mp4	3401279	8427ad10c1a0ce4e89a16c7cb165f84b72f62ce5452d02fd73b6e821d8521d9a	codec_name=h264 width=1280 height=720 r_frame_rate=30000/1001 duration=30.798000 
Pha Buffer Black H.mp4	41111	ee3873294fe60756536ee83c3471fb3e6f9781840aa7de0894de902f698e458e	codec_name=h264 width=1280 height=720 r_frame_rate=30000/1001 duration=15.019000 
Pha Poltergeist Ampedup Win H.mp4	8414775	03c28f6014ba28773f8c3c8ee051b5ab6f666b7739c3c837f070c1c12b55e024	codec_name=h264 width=1280 height=720 r_frame_rate=30000/1001 duration=49.728000 
Pha Poltergeist Discharged Win H.mp4	4924199	258cb86d25ab75c34cb228aef434b7580bf91f1e8f319d39199684c266e3940f	codec_name=h264 width=1280 height=720 r_frame_rate=30000/1001 duration=46.059000 
Pha Poltergeist Elecrticslide Win H.mp4	4935100	e3ce05626a6a4d80eedc30acbcda83e70c8b8e7aa99f0c375c928646b8efd5cf	codec_name=h264 width=1280 height=720 r_frame_rate=30000/1001 duration=54.400000 
Pha Poltergeist Startlescare Win H.mp4	1237305	1959d75d5b301e4eab96eb40f2c9352092e080b7270c38ad027efbc88849d3cb	codec_name=h264 width=1280 height=720 r_frame_rate=30000/1001 duration=15.019000 
Pha Siren Fearsafloat Win H.mp4	5579354	f59c4cbcb75099f8dd4fd3370511c752a463a44d2bea6b1ae15b1a2dab62218c	codec_name=h264 width=1280 height=720 r_frame_rate=30000/1001 duration=90.432000 
Pha Siren Seaofsirens Win H.mp4	9129300	a3484e328c89078c048010b6fbd6adec0867b700ceb4cc6f489d9f2dc04ed318	codec_name=h264 width=1280 height=646 r_frame_rate=30000/1001 duration=58.411000 
Pha Siren Sirenssway Win H.mp4	5480391	98e42dc0cb3f062630b2b3877b9141e54b634b98eb914c0cb5959f07c98b18af	codec_name=h264 width=1280 height=720 r_frame_rate=30000/1001 duration=68.416000 
Pha Siren Startlescare Win H.mp4	1790625	76b14319131b52619cf08bf141d035c291a731253cbd9edb8b0ff9f25079c58c	codec_name=h264 width=1280 height=720 r_frame_rate=30000/1001 duration=25.707000 
Pha Spinster Behaveorbedead Win H.mp4	3202222	e7424be7ffabbb845395cad0bef1afb231491c8f47ccda4e05d9b9af70677092	codec_name=h264 width=1280 height=720 r_frame_rate=30000/1001 duration=64.406000 
Pha Spinster Mixtureofmadness Win H.mp4	4447406	2c64e4027d9e20ab74fd769bb123ee1452b1f29ddbaa5bc42bc1a27e382b6312	codec_name=h264 width=1280 height=720 r_frame_rate=30000/1001 duration=79.766000 
Pha Spinster Startlescare Win H.mp4	1421962	df7c69368937d3f4e8d6c7cd807b9175a75530c27147ad0db6097a514061d0c9	codec_name=h264 width=1280 height=720 r_frame_rate=30000/1001 duration=18.368000 
Pha Spinster Teafortwo Win H.mp4	3861298	7fe275c2f41975153492e6679a96da22ad016870236d53af49c97b0c41610b73	codec_name=h264 width=1280 height=720 r_frame_rate=30000/1001 duration=64.747000 
Pha Wraith Faceofdeath Win H.mp4	3136866	fdc86215f406d581f4ada3e4837b4d1ee1aee8d74f633fd59194b146c5025b8f	codec_name=h264 width=1280 height=720 r_frame_rate=30000/1001 duration=26.710000 
Pha Wraith Riseofthewraiths Win H.mp4	9079698	990a165c4ac437fa7aed212bf34decdffeacc0c10c8c8e26712760241d42b62b	codec_name=h264 width=1280 height=720 r_frame_rate=30000/1001 duration=53.398000 
Pha Wraith Soulseeker Win H.mp4	8314346	1b09467b5a945a81697d1418014cff15ad44e72a6014d5c28caa0be8536a8ddb	codec_name=h264 width=1280 height=720 r_frame_rate=30000/1001 duration=62.742000 
Pha Wraith Startlescare Win H.mp4	1220547	3cfbecce44d4718b50fc16ddd6ff1670b1273fc8f2f4f48aa96208bf6f489bef	codec_name=h264 width=1280 height=720 r_frame_rate=30000/1001 duration=16.704000 
Pha Wraith Unholyhovering Win H.mp4	3199395	d9249f97648d5d1f2a3e9383dd6d15c726e554ce9f5131d435563ffdca829fbd	codec_name=h264 width=1280 height=720 r_frame_rate=30000/1001 duration=45.056000 
Sauron.mp4	4871141	f0ce9e1e05269e35a25f1312352963de1e0652e83b00e2cfd9480ec0d27f9c61	codec_name=h264 width=640 height=360 r_frame_rate=25/1 duration=58.880000 
Scary Face.mp4	3512877	8d170aa4a5cfbdb3d550b379fb1ca7232f00d66e107af5b4c2a3b57da3028551	codec_name=h264 width=1280 height=720 r_frame_rate=30/1 duration=9.900000 
Skellycrawler.mp4	2301875	726536ba6b81005dde60f1f7eb245f99d2ee5b8c983a9fab892a4de733d9432b	codec_name=h264 width=1280 height=720 r_frame_rate=30/1 duration=20.267000 
Skellyskrape.mp4	1923345	a85a451acea37c68f47e006b6ed4d78106bdc2090cfdda5f4fbb0059b3679de4	codec_name=h264 width=1280 height=720 r_frame_rate=24000/1001 duration=14.014000 
Skullfire.mp4	369692	e320e176fe5e50e1a83fddd6be01276c2388598a73738caa709bf4e46a23e94f	codec_name=h264 width=616 height=510 r_frame_rate=24/1 duration=6.250000 
Skullfloor.mp4	1712061	8e440f383de45807edd3785c768b305f77dca7d57896b4c72619b9e47223f326	codec_name=h264 width=1280 height=710 r_frame_rate=24/1 duration=30.016000 
Stumblingelectricsman.mp4	2231147	fd1e0216f7904526732f0e8b0822efa4bc3fdd52f36faf6377f24f845b3e213f	codec_name=h264 width=560 height=540 r_frame_rate=30/1 duration=32.534000 
